use rm7gitasi7hl7iyi;


-- Table: Books
CREATE TABLE IF NOT EXISTS Books (
    ISBN            Varchar(13)   NOT NULL,
    BookTitle       varchar(20) NOT NULL,
    Course          varchar (20) NOT NULL,
    Major           varchar (20) NOT NULL,
    ImageURL        varchar (100) null,
    constraint PK_BOOKS primary key(ISBN)
);

Create table if not exists Authors (
	AuthorID		int not null auto_increment,
	ISBN 			varchar (13) not null,
    AuthorFName		varchar (15) not null,
    AuthorLName		varchar (15) not null,
    constraint PK_Authors primary key(AuthorID, ISBN),
    constraint FK_Authors foreign key(ISBN) references Books(ISBN)
);

-- Table: BookCopy
CREATE TABLE IF NOT EXISTS BookCopy (
    CopyID       int   NOT NULL auto_increment,
    ISBN         varchar(13) NOT NULL,
    BookEdition  int NOT NULL,
    YearPrinted  int NOT NULL,
    Price        int NOT NULL,
    Conditions   varchar(10) NOT NULL,
    DateAdded	 date not null,
    CopyStatus		 varchar(15) not null,
    constraint PK_COPY primary key(copyID),
    constraint FK_COPY foreign key(ISBN) references Books(ISBN)
);


-- Table: Customers
CREATE TABLE IF NOT EXISTS Customers (
    CustomerID    int NOT NULL auto_increment,
    CustomerName  varchar(30) NOT NULL,
    CPassword     varchar(50) NOT NULL,
    Email         varchar(50) NOT NULL,
    CreatedDate	  date not null,
    constraint PK_CUSTOMERS primary key(CustomerID)
);

-- Table: Staffs
CREATE TABLE IF NOT EXISTS Staffs (
    StaffID    int not null auto_increment,
    StaffName  varchar(30) NOT NULL,
    SPassword  varchar(50) NOT NULL,
    Email      varchar(50) NOT NULL,
    CreatedDate date not null,
    constraint PK_STAFFS primary key(StaffID)
);


-- Table: Transactions
CREATE TABLE IF NOT EXISTS Transactions (
    TransactionID        int NOT NULL auto_increment,
    DateOfTransaction    date NOT NULL,
    CustomerID           int  NOT NULL,
    constraint PK_TRANSACTIONS primary key(TransactionID),
    constraint FK_TRANSACTIONS foreign key(CustomerID) references Customers(CustomerID)
);

-- Table: OrderLineItems
CREATE TABLE IF NOT EXISTS OrderLineItems (
    OrderID        int  NOT NULL auto_increment,
    TransactionID  int NOT NULL,
    CopyID         int UNIQUE NOT NULL,
    OrderStatus    varchar(20) NOT NULL,
    StaffID		   int not null,
    constraint PK_OLI primary key(OrderID),
    constraint FK_OLI1 foreign key(TransactionID) references Transactions(TransactionID),
    constraint FK_OLI2 foreign key(CopyID) references BookCopy(CopyID),
    constraint FK_OLI3 foreign key(StaffID) references Staffs(StaffID)
);

-- inserting data

INSERT INTO Books (ISBN, BookTitle, Course, Major, ImageURL) VALUES
('9780000000001','Calc I','MATH101','Mathematics',NULL),
('9780000000002','Physics I','PHYS101','Physics',NULL),
('9780000000003','Chem Intro','CHEM101','Chemistry',NULL),
('9780000000004','Bio Intro','BIO101','Biology',NULL),
('9780000000005','CompSci I','CS101','ComputerSci',NULL),
('9780000000006','Stats I','STAT101','Statistics',NULL),
('9780000000007','History I','HIST101','History',NULL),
('9780000000008','English I','ENG101','English',NULL),
('9780000000009','Macro','ECON101','Economics',NULL),
('9780000000010','Micro','ECON102','Economics',NULL),
('9780000000011','Psych I','PSY101','Psychology',NULL),
('9780000000012','Sociology','SOC101','Sociology',NULL),
('9780000000013','Philosophy','PHIL101','Philosophy',NULL),
('9780000000014','Art Intro','ART101','Art',NULL),
('9780000000015','Music Intro','MUS101','Music',NULL),
('9780000000016','Business I','BUS101','Business',NULL),
('9780000000017','Finance I','FIN101','Finance',NULL),
('9780000000018','Accounting','ACC101','Accounting',NULL),
('9780000000019','Marketing','MKT101','Marketing',NULL),
('9780000000020','Mgmt','MGMT101','Management',NULL),
('9780000000021','Anthro','ANTH101','Anthropology',NULL),
('9780000000022','Geology','GEO101','Geology',NULL),
('9780000000023','Astronomy','AST101','Astronomy',NULL),
('9780000000024','Comp II','ENG102','English',NULL),
('9780000000025','Bio II','BIO102','Biology',NULL),
('9780000000026','Adv Calc','MATH201','Mathematics',NULL),
('9780000000027','Discrete','CS201','ComputerSci',NULL),
('9780000000028','Networking','CS220','ComputerSci',NULL),
('9780000000029','DB Systems','CS230','ComputerSci',NULL),
('9780000000030','Algorithms','CS240','ComputerSci',NULL),
('9780000000031','Linear Alg','MATH225','Mathematics',NULL),
('9780000000032','Data Struct','CS210','ComputerSci',NULL),
('9780000000033','OrganicChem','CHEM330','Chemistry',NULL),
('9780000000034','MacroEcon','ECON110','Economics',NULL),
('9780000000035','MicroBio','BIO240','Biology',NULL);

INSERT INTO Authors (ISBN, AuthorFName, AuthorLName) VALUES
('9780000000001','Alan','Smith'),
('9780000000002','John','Miller'),
('9780000000003','Kate','Brown'),
('9780000000004','Sarah','Davis'),
('9780000000005','Mike','Wilson'),
('9780000000006','Adam','Lee'),
('9780000000007','Grace','Hill'),
('9780000000008','Robert','Young'),
('9780000000009','Laura','Scott'),
('9780000000010','Terry','Price'),
('9780000000011','Anna','Reed'),
('9780000000012','Liam','King'),
('9780000000013','Emma','Bell'),
('9780000000014','Olivia','Ward'),
('9780000000015','Sophia','Cook'),
('9780000000016','James','Gray'),
('9780000000017','Henry','Ross'),
('9780000000018','Victor','Cole'),
('9780000000019','Daniel','Hunt'),
('9780000000020','Julia','Fox'),
('9780000000021','Ryan','Stone'),
('9780000000022','Isla','Long'),
('9780000000023','Evan','Clark'),
('9780000000024','Noah','Cruz'),
('9780000000025','Mia','Gomez'),
('9780000000026','Zoe','Hughes'),
('9780000000027','Ella','Brooks'),
('9780000000028','Ava','Price'),
('9780000000029','Ethan','Hayes'),
('9780000000030','Owen','White'),
('9780000000031','Alan','Foster'),
('9780000000031','Marie','Chen'),
('9780000000032','David','Stone'),
('9780000000033','Riley','Morgan'),
('9780000000033','Isha','Patel'),
('9780000000034','Edward','Clark'),
('9780000000035','Samantha','Nguyen');

INSERT INTO BookCopy (ISBN, BookEdition, YearPrinted, Price, Conditions, DateAdded, CopyStatus) VALUES
('9780000000001',1,2020,80,'New','2024-01-10','Sold'),
('9780000000002',1,2021,90,'Good','2024-01-11','In Store'),
('9780000000003',2,2019,70,'Fair','2024-01-12','Sold'),
('9780000000004',1,2022,95,'New','2024-01-13','In Store'),
('9780000000005',1,2021,60,'Used','2024-01-14','Sold'),
('9780000000006',2,2020,85,'Good','2024-01-15','In Store'),
('9780000000007',3,2022,110,'New','2024-01-16','Reserved'),
('9780000000008',1,2018,65,'Fair','2024-01-17','In Store'),
('9780000000009',1,2019,75,'Used','2024-01-18','Reserved'),
('9780000000010',1,2022,50,'New','2024-01-19','Sold'),
('9780000000011',1,2023,120,'Good','2024-01-20','Sold'),
('9780000000012',1,2023,55,'New','2024-01-21','In Store'),
('9780000000013',2,2017,45,'Used','2024-01-22','In Store'),
('9780000000014',1,2021,60,'Fair','2024-01-23','In Store'),
('9780000000015',1,2019,95,'New','2024-01-24','Reserved'),
('9780000000016',1,2022,85,'Good','2024-01-25','In Store'),
('9780000000017',2,2020,75,'Used','2024-01-26','In Store'),
('9780000000018',1,2021,65,'Fair','2024-01-27','In Store'),
('9780000000019',1,2023,100,'New','2024-01-28','In Store'),
('9780000000020',1,2021,90,'Good','2024-01-29','In Store'),
('9780000000021',1,2023,105,'New','2024-01-30','Sold'),
('9780000000022',1,2022,95,'Fair','2024-01-31','In Store'),
('9780000000023',1,2021,80,'Good','2024-02-01','In Store'),
('9780000000024',1,2022,120,'New','2024-02-02','In Store'),
('9780000000025',1,2023,130,'New','2024-02-03','In Store'),
('9780000000026',1,2023,115,'Good','2024-02-04','In Store'),
('9780000000027',2,2020,85,'Fair','2024-02-05','Reserved'),
('9780000000028',1,2021,95,'Used','2024-02-06','In Store'),
('9780000000029',1,2022,140,'New','2024-02-07','In Store'),
('9780000000030',1,2023,100,'Good','2024-02-08','In Store'),
('9780000000031',1,2023,95,'New','2025-07-10','Sold'),
('9780000000032',1,2024,88,'Good','2025-08-02','Reserved'),
('9780000000033',1,2023,120,'Fair','2025-09-15','In Store'),
('9780000000034',1,2022,75,'Used','2025-10-04','Sold'),
('9780000000035',1,2024,140,'New','2025-11-20','In Store'),
('9780000000035',1,2024,140,'New','2025-11-20','In Store'),
('9780000000035',1,2024,140,'New','2025-11-20','In Store'),
('9780000000035',1,2024,140,'New','2025-11-20','In Store'),
('9780000000001',2,2024,90,'New','2025-11-21','In Store')
;

INSERT INTO Customers (CustomerName, CPassword, Email, CreatedDate) VALUES
('John Adams','pw1','john.a@example.com','2024-01-10'),
('Lisa White','pw1','lisa.w@example.com','2024-01-11'),
('Mark Jones','pw1','mark.j@example.com','2024-01-12'),
('Paula Ray','pw1','paula.r@example.com','2024-01-13'),
('Kevin Liu','pw1','kevin.l@example.com','2024-01-14'),
('Tina Cho','pw1','tina.c@example.com','2024-01-15'),
('Brian Holt','pw1','brian.h@example.com','2024-01-16'),
('Olivia Sun','pw1','olivia.s@example.com','2024-01-17'),
('Wendy Lee','pw1','wendy.l@example.com','2024-01-18'),
('Steve Kim','pw1','steve.k@example.com','2024-01-19'),
('Kevin Brooks','pass123','kevin.b@example.com','2025-06-12'),
('Laura Perez','pass123','laura.p@example.com','2025-07-25'),
('George Lin','pass123','george.l@example.com','2025-08-19'),
('Nicole Adams','pass123','nicole.a@example.com','2025-09-30'),
('Trevor Smith','pass123','trevor.s@example.com','2025-11-04');


INSERT INTO Staffs (StaffName, SPassword, Email, CreatedDate) VALUES
('Alice Brown','pw1','alice.b@example.com','2024-01-05'),
('David Green','pw1','david.g@example.com','2024-01-06'),
('Carol King','pw1','carol.k@example.com','2024-01-07'),
('Ian Black','pw1','ian.b@example.com','2024-01-08'),
('Sara Lane','pw1','sara.l@example.com','2024-01-09'),
('Sharon Hill','staffpw','sharon.h@example.com','2025-06-18'),
('Mark Dixon','staffpw','mark.d@example.com','2025-07-12'),
('Evelyn Price','staffpw','evelyn.p@example.com','2025-08-23'),
('Robert Young','staffpw','robert.y@example.com','2025-09-29'),
('Cathy Turner','staffpw','cathy.t@example.com','2025-11-15');


INSERT INTO Transactions (DateOfTransaction, CustomerID) VALUES
('2024-02-01',1),
('2024-02-02',2),
('2024-02-03',3),
('2024-02-04',4),
('2024-02-05',5),
('2024-02-06',6),
('2024-02-07',7),
('2024-02-08',8),
('2024-02-09',9),
('2024-02-10',10),
('2024-02-11',1),
('2024-02-12',2),
('2024-02-13',3),
('2024-02-14',4),
('2024-02-15',5),
('2025-06-14',11),
('2025-07-21',12),
('2025-08-28',13),
('2025-10-03',14),
('2025-11-22',15);


INSERT INTO OrderLineItems (TransactionID, CopyID, OrderStatus, StaffID) VALUES
(1,3,'Fulfilled',1),
(2,5,'Fulfilled',2),
(3,8,'Cancelled',3),
(4,10,'Fulfilled',4),
(5,15,'Processing',5),
(6,18,'New',1),
(7,1,'Fulfilled',2),
(8,9,'Processing',3),
(9,13,'New',4),
(10,21,'Fulfilled',5),
(11,29,'Cancelled',1),
(12,7,'Processing',2),
(13,11,'Fulfilled',3),
(14,19,'New',4),
(15,27,'Processing',5),
(16,31,'Fulfilled',6),
(17,32,'Processing',7),
(18,33,'New',8),
(19,34,'Fulfilled',9),
(20,35,'Cancelled',10);

INSERT INTO BookCopy (ISBN, BookEdition, YearPrinted, Price, Conditions, DateAdded, CopyStatus) VALUES
('9780000000001',1,2020,80,'New','2024-01-10','In Store'),
('9780000000002',1,2021,90,'Good','2024-01-11','In Store'),
('9780000000003',2,2019,70,'Fair','2024-01-12','In Store'),
('9780000000004',1,2022,95,'New','2024-01-13','In Store'),
('9780000000005',1,2021,60,'Used','2024-01-14','In Store'),
('9780000000006',2,2020,85,'Good','2024-01-15','In Store'),
('9780000000007',3,2022,110,'New','2024-01-16','Reserved'),
('9780000000008',1,2018,65,'Fair','2024-01-17','In Store'),
('9780000000009',1,2019,75,'Used','2024-01-18','Reserved'),
('9780000000010',1,2022,50,'New','2024-01-19','In Store'),
('9780000000011',1,2023,120,'Good','2024-01-20','In Store'),
('9780000000012',1,2023,55,'New','2024-01-21','In Store'),
('9780000000013',2,2017,45,'Used','2024-01-22','In Store'),
('9780000000014',1,2021,60,'Fair','2024-01-23','In Store'),
('9780000000015',1,2019,95,'New','2024-01-24','In Store'),
('9780000000016',1,2022,85,'Good','2024-01-25','In Store'),
('9780000000017',2,2020,75,'Used','2024-01-26','In Store'),
('9780000000018',1,2021,65,'Fair','2024-01-27','In Store'),
('9780000000019',1,2023,100,'New','2024-01-28','In Store'),
('9780000000020',1,2021,90,'Good','2024-01-29','In Store'),
('9780000000021',1,2023,105,'New','2024-01-30','In Store'),
('9780000000022',1,2022,95,'Fair','2024-01-31','In Store'),
('9780000000023',1,2021,80,'Good','2024-02-01','In Store'),
('9780000000024',1,2022,120,'New','2024-02-02','In Store'),
('9780000000025',1,2023,130,'New','2024-02-03','In Store'),
('9780000000026',1,2023,115,'Good','2024-02-04','In Store'),
('9780000000027',2,2020,85,'Fair','2024-02-05','Reserved'),
('9780000000028',1,2021,95,'Used','2024-02-06','In Store'),
('9780000000029',1,2022,140,'New','2024-02-07','In Store'),
('9780000000030',1,2023,100,'Good','2024-02-08','In Store'),
('9780000000031',1,2023,95,'New','2025-07-10','In Store'),
('9780000000032',1,2024,88,'Good','2025-08-02','In Store'),
('9780000000033',1,2023,120,'Fair','2025-09-15','In Store'),
('9780000000035',1,2024,140,'New','2025-11-20','In Store'),
('9780000000035',1,2024,140,'New','2025-11-20','In Store'),
('9780000000035',1,2024,140,'New','2025-11-20','In Store'),
('9780000000035',1,2024,140,'New','2025-11-20','In Store'),
('9780000000001',2,2024,90,'New','2025-11-21','In Store'),
('9780000000001',2,2024,90,'New',current_timestamp(),'In Store'),
('9780000000001',2,2024,90,'New',current_timestamp(),'In Store'),
('9780000000001',2,2024,90,'New',current_timestamp(),'In Store'),
('9780000000001',2,2024,90,'New',current_timestamp(),'In Store'),
('9780000000001',2,2024,90,'New',current_timestamp(),'In Store'),
('9780000000001',2,2024,90,'New',current_timestamp(),'In Store'),
('9780000000001',2,2024,90,'New',current_timestamp(),'In Store'),
('9780000000001',2,2024,90,'New',current_timestamp(),'In Store'),
('9780000000001',2,2024,90,'New',current_timestamp(),'In Store'),
('9780000000001',2,2024,90,'New',current_timestamp(),'In Store'),
('9780000000001',2,2024,90,'New',current_timestamp(),'In Store'),
('9780000000001',2,2024,90,'New',current_timestamp(),'In Store'),
('9780000000001',2,2024,90,'New',current_timestamp(),'In Store'),
('9780000000001',2,2024,90,'New',current_timestamp(),'In Store'),
('9780000000001',2,2024,90,'New',current_timestamp(),'In Store'),
('9780000000001',2,2024,90,'New',current_timestamp(),'In Store'),
('9780000000001',2,2024,90,'New',current_timestamp(),'In Store')
;

INSERT INTO BookCopy (ISBN, BookEdition, YearPrinted, Price, Conditions, DateAdded, CopyStatus) VALUES
('9780000000001',1,2020,80,'New','2024-01-10','In Store'),
('9780000000002',1,2021,90,'Good','2024-01-11','In Store'),
('9780000000003',2,2019,70,'Fair','2024-01-12','In Store'),
('9780000000004',1,2022,95,'New','2024-01-13','In Store'),
('9780000000005',1,2021,60,'Used','2024-01-14','In Store'),
('9780000000006',2,2020,85,'Good','2024-01-15','In Store'),
('9780000000007',3,2022,110,'New','2024-01-16','Reserved'),
('9780000000008',1,2018,65,'Fair','2024-01-17','In Store'),
('9780000000009',1,2019,75,'Used','2024-01-18','Reserved'),
('9780000000010',1,2022,50,'New','2024-01-19','In Store'),
('9780000000011',1,2023,120,'Good','2024-01-20','In Store'),
('9780000000012',1,2023,55,'New','2024-01-21','In Store'),
('9780000000013',2,2017,45,'Used','2024-01-22','In Store'),
('9780000000014',1,2021,60,'Fair','2024-01-23','In Store'),
('9780000000015',1,2019,95,'New','2024-01-24','In Store'),
('9780000000016',1,2022,85,'Good','2024-01-25','In Store'),
('9780000000017',2,2020,75,'Used','2024-01-26','In Store'),
('9780000000018',1,2021,65,'Fair','2024-01-27','In Store'),
('9780000000019',1,2023,100,'New','2024-01-28','In Store'),
('9780000000020',1,2021,90,'Good','2024-01-29','In Store'),
('9780000000021',1,2023,105,'New','2024-01-30','In Store'),
('9780000000022',1,2022,95,'Fair','2024-01-31','In Store'),
('9780000000023',1,2021,80,'Good','2024-02-01','In Store'),
('9780000000024',1,2022,120,'New','2024-02-02','In Store'),
('9780000000025',1,2023,130,'New','2024-02-03','In Store'),
('9780000000026',1,2023,115,'Good','2024-02-04','In Store'),
('9780000000027',2,2020,85,'Fair','2024-02-05','Reserved'),
('9780000000028',1,2021,95,'Used','2024-02-06','In Store'),
('9780000000029',1,2022,140,'New','2024-02-07','In Store'),
('9780000000030',1,2023,100,'Good','2024-02-08','In Store'),
('9780000000031',1,2023,95,'New','2025-07-10','In Store'),
('9780000000032',1,2024,88,'Good','2025-08-02','In Store'),
('9780000000033',1,2023,120,'Fair','2025-09-15','In Store'),
('9780000000035',1,2024,140,'New','2025-11-20','In Store'),
('9780000000035',1,2024,140,'New','2025-11-20','In Store'),
('9780000000035',1,2024,140,'New','2025-11-20','In Store'),
('9780000000035',1,2024,140,'New','2025-11-20','In Store'),
('9780000000001',2,2024,90,'New','2025-11-21','In Store'),
('9780000000001',2,2024,90,'New',current_timestamp(),'In Store'),
('9780000000001',2,2024,90,'New',current_timestamp(),'In Store'),
('9780000000001',2,2024,90,'New',current_timestamp(),'In Store'),
('9780000000001',2,2024,90,'New',current_timestamp(),'In Store'),
('9780000000001',2,2024,90,'New',current_timestamp(),'In Store'),
('9780000000001',2,2024,90,'New',current_timestamp(),'In Store'),
('9780000000001',2,2024,90,'New',current_timestamp(),'In Store'),
('9780000000001',2,2024,90,'New',current_timestamp(),'In Store'),
('9780000000001',2,2024,90,'New',current_timestamp(),'In Store'),
('9780000000001',2,2024,90,'New',current_timestamp(),'In Store'),
('9780000000001',2,2024,90,'New',current_timestamp(),'In Store'),
('9780000000001',2,2024,90,'New',current_timestamp(),'In Store'),
('9780000000001',2,2024,90,'New',current_timestamp(),'In Store'),
('9780000000001',2,2024,90,'New',current_timestamp(),'In Store'),
('9780000000001',2,2024,90,'New',current_timestamp(),'In Store'),
('9780000000001',2,2024,90,'New',current_timestamp(),'In Store'),
('9780000000001',2,2024,90,'New',current_timestamp(),'In Store')
;